year,submit time
3rd year,2018-09-03 02:34:30
2nd year,2018-09-03 02:45:47
3rd year,2018-09-03 02:51:57
3rd year,2018-09-03 02:52:32
3rd year,2018-09-03 02:53:05
2nd year,2018-09-03 02:56:10
2nd year,2018-09-03 02:57:20
1st year,2018-09-03 02:57:41
3rd year,2018-09-03 03:01:23
3rd year,2018-09-03 03:09:06
2nd year,2018-09-03 03:12:12
2nd year,2018-09-03 03:17:40
3rd year,2018-09-03 03:23:29
4th year,2018-09-03 03:26:30
3rd year,2018-09-03 03:33:20
2nd year,2018-09-03 03:42:01
3rd year,2018-09-03 03:44:14
2nd year,2018-09-03 03:44:18
3rd year,2018-09-03 03:44:28
2nd year,2018-09-03 03:58:02
3rd year,2018-09-03 04:13:24
2nd year,2018-09-03 04:51:24
1st year,2018-09-03 04:54:47
2nd year,2018-09-03 04:59:30
2nd year,2018-09-03 05:01:52
2nd year,2018-09-03 05:05:02
3rd year,2018-09-03 05:06:07
3rd year,2018-09-03 05:09:07
2nd year,2018-09-03 05:13:11
3rd year,2018-09-03 05:15:46
